﻿<!--   
This XML file is used to read special folder locations into SIOS, such as the SIOS data and the application data folder.   
  
Each property list represents a new folder to register.   
The "path" contains the relative path from the folder of this XML file up to the folder where the data folder can be found.    
The "name" contains the name of the special folder to register.   
-->
<record>  
	<!-- For the Editor for pbulic relesae, it will be in steamapps/common/football manager NNNN editor/; we share data with FM so go one level up then into FM -->
	<list id="items">   
		<record path="../Football Manager 2020/data/comp editor" resource_root="true" name="app_data_folder" />
		
		<record path="../Football Manager 2020/data/sitoolkit" resource_root="true" name="ui_folder" />
		<record path="../Football Manager 2020/data/sitoolkit_uncompressed" resource_root="true" name="sitoolkit_uncompressed_folder" />
		
		<record path="../Football Manager 2020/data/sigraphics" resource_root="true" name="sigraphics_folder" />
		<record path="../Football Manager 2020/data/sigraphics-{$CLASS}" resource_root="true" />
		<record path="../Football Manager 2020/data/sigraphics-{$PLATFORM}" resource_root="true" />
		
		<record path="../Football Manager 2020/data/database" name="database_folder" />
		
		<!-- This is needed even though it is unreferences in code, as it is the resource root for
			db resources shared between the game/IGE and the comp editor -->
		<record path="../Football Manager 2020/data/database/resources" resource_root="true" name="database_resources_folder" />
		
		<record path="../Football Manager 2020/data/simatch" resource_root="true" name="match_folder" />
		<record path="../Football Manager 2020/data/sicomps" name="comps_folder" />
		
		<record path="../Football Manager 2020/data/game/graphics/pictures/kits" resource_root="true" name="kits_folder" />
		<record path="../Football Manager 2020/data/game/graphics/pictures/logos" resource_root="true" name="logos_folder" />
		<record path="../Football Manager 2020/data/game/graphics/pictures/icons" resource_root="true" name="icons_folder" />
		<record path="../Football Manager 2020/data/game/graphics/pictures/players" resource_root="true" name="players_folder" />
		
		<record path="../Football Manager 2020/data/shared" resource_root="true" name="shared_data_folder" />
		<record path="../Football Manager 2020/data/game/updates" name="updates_folder" />
		
		<record path="../Football Manager 2020/data/fmgameextras" resource_root="true" name="fmgameextras_folder" />
		<record path="../Football Manager 2020/data/sigameextras" resource_root="true" name="sigameextras_folder" />
	</list>  
</record>